<?xml version="1.0" encoding="UTF-8"?>
<build-type xmlns:xsi="http://www.w3.org/2001/XMLSchema-instance" uuid="141c2f84-4bff-4aa7-bcfa-fc62667e23f3" xsi:noNamespaceSchemaLocation="http://www.jetbrains.com/teamcity/schemas/10.0/project-config.xsd">
  <name>Build</name>
  <description />
  <settings>
    <options>
      <option name="buildNumberPattern" value="%MajorVersion%.%MinorVersion%.%build.counter%" />
    </options>
    <parameters>
      <param name="GCloud_Cluster_Name" value="ta-cluster" />
      <param name="GCloud_Cluster_Zone" value="europe-west3-a" />
      <param name="GCloud_Project_ID" value="apt-sentinel-180609" />
      <param name="MajorVersion" value="0" />
      <param name="MinorVersion" value="1" />
    </parameters>
    <build-runners>
      <runner id="RUNNER_2" name="Copy service account JSON" type="simpleRunner">
        <parameters>
          <param name="script.content" value="cp /usr/share/service-account.json ." />
          <param name="teamcity.step.mode" value="default" />
          <param name="use.custom.script" value="true" />
        </parameters>
      </runner>
      <runner id="RUNNER_1" name="" type="Maven2">
        <parameters>
          <param name="goals" value="package" />
          <param name="maven.path" value="%teamcity.tool.maven.DEFAULT%" />
          <param name="pomLocation" value="pom.xml" />
          <param name="target.jdk.home" value="%env.JDK_18%" />
          <param name="teamcity.step.mode" value="default" />
          <param name="userSettingsSelection" value="userSettingsSelection:default" />
        </parameters>
      </runner>
      <runner id="RUNNER_3" name="Build images" type="simpleRunner">
        <parameters>
          <param name="script.content" value="docker-compose build" />
          <param name="teamcity.step.mode" value="default" />
          <param name="use.custom.script" value="true" />
        </parameters>
      </runner>
      <runner id="RUNNER_4" name="Tag images" type="simpleRunner">
        <parameters>
          <param name="script.content"><![CDATA[docker tag master eu.gcr.io/%GCloud_Project_ID%/ta-master:%build.number%
docker tag worker eu.gcr.io/%GCloud_Project_ID%/ta-worker:%build.number%
docker tag web-app eu.gcr.io/%GCloud_Project_ID%/ta-web-app:%build.number%]]></param>
          <param name="teamcity.step.mode" value="default" />
          <param name="use.custom.script" value="true" />
        </parameters>
      </runner>
      <runner id="RUNNER_5" name="Push to Google Cloud Repository" type="simpleRunner">
        <parameters>
          <param name="script.content"><![CDATA[gcloud docker -- push eu.gcr.io/%GCloud_Project_ID%/ta-master:%build.number%
gcloud docker -- push eu.gcr.io/%GCloud_Project_ID%/ta-worker:%build.number%
gcloud docker -- push eu.gcr.io/%GCloud_Project_ID%/ta-web-app:%build.number%]]></param>
          <param name="teamcity.step.mode" value="default" />
          <param name="use.custom.script" value="true" />
        </parameters>
      </runner>
      <runner id="RUNNER_7" name="Deploy to Kubernetes" type="simpleRunner">
        <parameters>
          <param name="script.content"><![CDATA[chmod +x ./teamcity/deploy-to-kubernetes.sh
./teamcity/deploy-to-kubernetes.sh %build.number%]]></param>
          <param name="teamcity.step.mode" value="default" />
          <param name="use.custom.script" value="true" />
        </parameters>
      </runner>
    </build-runners>
    <vcs-settings>
      <vcs-entry-ref root-id="TwitterAnalytics_HttpsGithubComJaksa76twitterAnalyticsRefsHeadsMaster" />
    </vcs-settings>
    <requirements />
    <build-triggers>
      <build-trigger id="vcsTrigger" type="vcsTrigger">
        <parameters>
          <param name="branchFilter" value="+:*" />
          <param name="enableQueueOptimization" value="true" />
          <param name="quietPeriodMode" value="DO_NOT_USE" />
        </parameters>
      </build-trigger>
    </build-triggers>
    <cleanup />
  </settings>
</build-type>

