<?xml version="1.0" encoding="UTF-8"?>
<vcs-root xmlns:xsi="http://www.w3.org/2001/XMLSchema-instance" uuid="51a523f4-1ab3-4648-99a8-014b3885bdab" type="jetbrains.git" xsi:noNamespaceSchemaLocation="http://www.jetbrains.com/teamcity/schemas/10.0/project-config.xsd">
  <name>https://github.com/jaksa76/twitter-analytics#refs/heads/master</name>
  <param name="agentCleanFilesPolicy" value="ALL_UNTRACKED" />
  <param name="agentCleanPolicy" value="ON_BRANCH_CHANGE" />
  <param name="authMethod" value="PASSWORD" />
  <param name="branch" value="refs/heads/master" />
  <param name="ignoreKnownHosts" value="true" />
  <param name="secure:password" value="zxx3fd0b9d17263f6d83388d3e5915f025c7b093cb2759513591e02f48b61eaf66b82af3824187893a5775d03cbe80d301b" />
  <param name="submoduleCheckout" value="CHECKOUT" />
  <param name="teamcity:branchSpec" value="+:refs/heads/jvu-and-mari" />
  <param name="url" value="https://github.com/jaksa76/twitter-analytics" />
  <param name="useAlternates" value="true" />
  <param name="username" value="matthew-r-richards" />
  <param name="usernameStyle" value="USERID" />
</vcs-root>

