<?xml version="1.0" encoding="UTF-8"?>
<project xmlns:xsi="http://www.w3.org/2001/XMLSchema-instance" uuid="0414cdb6-c059-4090-9613-40451bd87dab" xsi:noNamespaceSchemaLocation="http://www.jetbrains.com/teamcity/schemas/10.0/project-config.xsd">
  <name>&lt;Root project&gt;</name>
  <description>Contains all other projects</description>
  <parameters />
  <project-extensions>
    <extension id="PROJECT_EXT_1" type="ReportTab">
      <parameters>
        <param name="startPage" value="coverage.zip!index.html" />
        <param name="title" value="Code Coverage" />
        <param name="type" value="BuildReportTab" />
      </parameters>
    </extension>
    <extension id="PROJECT_EXT_2" type="OAuthProvider">
      <parameters>
        <param name="clientId" value="d1ca1ee583cdd169ff24" />
        <param name="defaultTokenScope" value="public_repo,repo,repo:status,write:repo_hook" />
        <param name="displayName" value="Twitter Analytics on GitHub.com" />
        <param name="gitHubUrl" value="https://github.com/" />
        <param name="providerType" value="GitHub" />
        <param name="secure:clientSecret" value="zxx52d1c8b315c50a8fa5d8efdb6a5aaed73cf0b57da1c9a849d3c148f58989eb1ee83dafcc67c09ba5775d03cbe80d301b" />
      </parameters>
    </extension>
  </project-extensions>
  <cleanup>
    <options>
      <option name="preventDependenciesArtifactsFromCleanup" value="false" />
    </options>
  </cleanup>
</project>

